model,dataset,sample_id,method,category
llada,math500,math500-00074,rc_pag_history,regression
llada,humaneval,humaneval-00127,rc_pag_history,recovery
dream,gsm8k_test,gsm8k_test-00003,best_nonlearned,recovery
dream,gsm8k_test,gsm8k_test-00029,best_nonlearned,recovery
dream,gsm8k_test,gsm8k_test-00033,best_nonlearned,regression
dream,gsm8k_test,gsm8k_test-00045,best_nonlearned,regression
dream,gsm8k_test,gsm8k_test-00047,best_nonlearned,recovery
dream,gsm8k_test,gsm8k_test-00052,best_nonlearned,regression
dream,gsm8k_test,gsm8k_test-00055,best_nonlearned,recovery
dream,gsm8k_test,gsm8k_test-00073,best_nonlearned,regression
dream,gsm8k_test,gsm8k_test-00074,best_nonlearned,regression
dream,gsm8k_test,gsm8k_test-00076,best_nonlearned,recovery
dream,gsm8k_test,gsm8k_test-00084,best_nonlearned,regression
dream,gsm8k_test,gsm8k_test-00094,best_nonlearned,recovery
dream,gsm8k_test,gsm8k_test-00116,best_nonlearned,recovery
dream,gsm8k_test,gsm8k_test-00127,best_nonlearned,recovery
dream,gsm8k_test,gsm8k_test-00140,best_nonlearned,recovery
dream,gsm8k_test,gsm8k_test-00141,best_nonlearned,regression
dream,gsm8k_test,gsm8k_test-00142,best_nonlearned,regression
dream,gsm8k_test,gsm8k_test-00175,best_nonlearned,regression
dream,gsm8k_test,gsm8k_test-00182,best_nonlearned,regression
dream,gsm8k_test,gsm8k_test-00194,best_nonlearned,regression
dream,gsm8k_test,gsm8k_test-00211,best_nonlearned,recovery
dream,gsm8k_test,gsm8k_test-00221,best_nonlearned,regression
dream,gsm8k_test,gsm8k_test-00222,best_nonlearned,recovery
dream,gsm8k_test,gsm8k_test-00224,best_nonlearned,recovery
dream,gsm8k_test,gsm8k_test-00225,best_nonlearned,recovery
dream,gsm8k_test,gsm8k_test-00226,best_nonlearned,regression
dream,gsm8k_test,gsm8k_test-00235,best_nonlearned,regression
dream,gsm8k_test,gsm8k_test-00251,best_nonlearned,recovery
dream,gsm8k_test,gsm8k_test-00262,best_nonlearned,recovery
dream,gsm8k_test,gsm8k_test-00278,best_nonlearned,recovery
dream,gsm8k_test,gsm8k_test-00280,best_nonlearned,recovery
dream,gsm8k_test,gsm8k_test-00303,best_nonlearned,regression
dream,gsm8k_test,gsm8k_test-00304,best_nonlearned,regression
dream,gsm8k_test,gsm8k_test-00306,best_nonlearned,regression
dream,gsm8k_test,gsm8k_test-00316,best_nonlearned,recovery
dream,gsm8k_test,gsm8k_test-00322,best_nonlearned,regression
dream,gsm8k_test,gsm8k_test-00352,best_nonlearned,recovery
dream,gsm8k_test,gsm8k_test-00356,best_nonlearned,regression
dream,gsm8k_test,gsm8k_test-00361,best_nonlearned,regression
dream,gsm8k_test,gsm8k_test-00367,best_nonlearned,recovery
dream,gsm8k_test,gsm8k_test-00385,best_nonlearned,recovery
dream,gsm8k_test,gsm8k_test-00394,best_nonlearned,regression
dream,gsm8k_test,gsm8k_test-00421,best_nonlearned,recovery
dream,gsm8k_test,gsm8k_test-00447,best_nonlearned,regression
dream,gsm8k_test,gsm8k_test-00449,best_nonlearned,recovery
dream,gsm8k_test,gsm8k_test-00474,best_nonlearned,recovery
dream,gsm8k_test,gsm8k_test-00477,best_nonlearned,regression
dream,gsm8k_test,gsm8k_test-00478,best_nonlearned,regression
dream,gsm8k_test,gsm8k_test-00491,best_nonlearned,recovery
dream,gsm8k_test,gsm8k_test-00512,best_nonlearned,regression
dream,gsm8k_test,gsm8k_test-00514,best_nonlearned,recovery
dream,gsm8k_test,gsm8k_test-00517,best_nonlearned,recovery
dream,gsm8k_test,gsm8k_test-00521,best_nonlearned,recovery
dream,gsm8k_test,gsm8k_test-00536,best_nonlearned,recovery
dream,gsm8k_test,gsm8k_test-00537,best_nonlearned,regression
dream,gsm8k_test,gsm8k_test-00559,best_nonlearned,recovery
dream,gsm8k_test,gsm8k_test-00564,best_nonlearned,regression
dream,gsm8k_test,gsm8k_test-00569,best_nonlearned,regression
dream,gsm8k_test,gsm8k_test-00591,best_nonlearned,regression
dream,gsm8k_test,gsm8k_test-00597,best_nonlearned,regression
dream,gsm8k_test,gsm8k_test-00606,best_nonlearned,recovery
dream,gsm8k_test,gsm8k_test-00622,best_nonlearned,regression
dream,gsm8k_test,gsm8k_test-00630,best_nonlearned,regression
dream,gsm8k_test,gsm8k_test-00635,best_nonlearned,regression
dream,gsm8k_test,gsm8k_test-00636,best_nonlearned,recovery
dream,gsm8k_test,gsm8k_test-00645,best_nonlearned,regression
dream,gsm8k_test,gsm8k_test-00665,best_nonlearned,recovery
dream,gsm8k_test,gsm8k_test-00669,best_nonlearned,recovery
dream,gsm8k_test,gsm8k_test-00677,best_nonlearned,regression
dream,gsm8k_test,gsm8k_test-00684,best_nonlearned,regression
dream,gsm8k_test,gsm8k_test-00701,best_nonlearned,regression
dream,gsm8k_test,gsm8k_test-00721,best_nonlearned,regression
dream,gsm8k_test,gsm8k_test-00723,best_nonlearned,regression
dream,gsm8k_test,gsm8k_test-00724,best_nonlearned,regression
dream,gsm8k_test,gsm8k_test-00729,best_nonlearned,regression
dream,gsm8k_test,gsm8k_test-00736,best_nonlearned,recovery
dream,gsm8k_test,gsm8k_test-00740,best_nonlearned,recovery
dream,gsm8k_test,gsm8k_test-00766,best_nonlearned,regression
dream,gsm8k_test,gsm8k_test-00767,best_nonlearned,regression
dream,gsm8k_test,gsm8k_test-00793,best_nonlearned,recovery
dream,gsm8k_test,gsm8k_test-00812,best_nonlearned,recovery
dream,gsm8k_test,gsm8k_test-00820,best_nonlearned,recovery
dream,gsm8k_test,gsm8k_test-00838,best_nonlearned,recovery
dream,gsm8k_test,gsm8k_test-00853,best_nonlearned,recovery
dream,gsm8k_test,gsm8k_test-00857,best_nonlearned,regression
dream,gsm8k_test,gsm8k_test-00863,best_nonlearned,regression
dream,gsm8k_test,gsm8k_test-00865,best_nonlearned,regression
dream,gsm8k_test,gsm8k_test-00866,best_nonlearned,recovery
dream,gsm8k_test,gsm8k_test-00878,best_nonlearned,recovery
dream,gsm8k_test,gsm8k_test-00880,best_nonlearned,recovery
dream,gsm8k_test,gsm8k_test-00881,best_nonlearned,recovery
dream,gsm8k_test,gsm8k_test-00885,best_nonlearned,regression
dream,gsm8k_test,gsm8k_test-00890,best_nonlearned,regression
dream,gsm8k_test,gsm8k_test-00905,best_nonlearned,regression
dream,gsm8k_test,gsm8k_test-00909,best_nonlearned,recovery
dream,gsm8k_test,gsm8k_test-00925,best_nonlearned,recovery
dream,gsm8k_test,gsm8k_test-00931,best_nonlearned,regression
dream,gsm8k_test,gsm8k_test-00935,best_nonlearned,regression
dream,gsm8k_test,gsm8k_test-00939,best_nonlearned,regression
dream,gsm8k_test,gsm8k_test-00943,best_nonlearned,recovery
dream,gsm8k_test,gsm8k_test-00949,best_nonlearned,regression
dream,gsm8k_test,gsm8k_test-00983,best_nonlearned,regression
dream,gsm8k_test,gsm8k_test-01006,best_nonlearned,recovery
dream,gsm8k_test,gsm8k_test-01009,best_nonlearned,recovery
dream,gsm8k_test,gsm8k_test-01010,best_nonlearned,recovery
dream,gsm8k_test,gsm8k_test-01027,best_nonlearned,regression
dream,gsm8k_test,gsm8k_test-01045,best_nonlearned,recovery
dream,gsm8k_test,gsm8k_test-01058,best_nonlearned,recovery
dream,gsm8k_test,gsm8k_test-01061,best_nonlearned,regression
dream,gsm8k_test,gsm8k_test-01067,best_nonlearned,recovery
dream,gsm8k_test,gsm8k_test-01071,best_nonlearned,recovery
dream,gsm8k_test,gsm8k_test-01079,best_nonlearned,recovery
dream,gsm8k_test,gsm8k_test-01095,best_nonlearned,recovery
dream,gsm8k_test,gsm8k_test-01098,best_nonlearned,recovery
dream,gsm8k_test,gsm8k_test-01112,best_nonlearned,regression
dream,gsm8k_test,gsm8k_test-01123,best_nonlearned,recovery
dream,gsm8k_test,gsm8k_test-01124,best_nonlearned,recovery
dream,gsm8k_test,gsm8k_test-01127,best_nonlearned,recovery
dream,gsm8k_test,gsm8k_test-01136,best_nonlearned,regression
dream,gsm8k_test,gsm8k_test-01140,best_nonlearned,recovery
dream,gsm8k_test,gsm8k_test-01141,best_nonlearned,regression
dream,gsm8k_test,gsm8k_test-01159,best_nonlearned,regression
dream,gsm8k_test,gsm8k_test-01160,best_nonlearned,recovery
dream,gsm8k_test,gsm8k_test-01170,best_nonlearned,regression
dream,gsm8k_test,gsm8k_test-01180,best_nonlearned,regression
dream,gsm8k_test,gsm8k_test-01194,best_nonlearned,recovery
dream,gsm8k_test,gsm8k_test-01195,best_nonlearned,regression
dream,gsm8k_test,gsm8k_test-01200,best_nonlearned,recovery
dream,gsm8k_test,gsm8k_test-01214,best_nonlearned,recovery
dream,gsm8k_test,gsm8k_test-01223,best_nonlearned,regression
dream,gsm8k_test,gsm8k_test-01241,best_nonlearned,regression
dream,gsm8k_test,gsm8k_test-01252,best_nonlearned,regression
dream,gsm8k_test,gsm8k_test-01275,best_nonlearned,regression
dream,gsm8k_test,gsm8k_test-01284,best_nonlearned,recovery
dream,gsm8k_test,gsm8k_test-01300,best_nonlearned,regression
dream,gsm8k_test,gsm8k_test-01305,best_nonlearned,regression
dream,gsm8k_test,gsm8k_test-01311,best_nonlearned,recovery
dream,gsm8k_test,gsm8k_test-01314,best_nonlearned,regression
dream,gsm8k_test,gsm8k_test-00008,rc_pag_history,regression
dream,gsm8k_test,gsm8k_test-00023,rc_pag_history,regression
dream,gsm8k_test,gsm8k_test-00038,rc_pag_history,regression
dream,gsm8k_test,gsm8k_test-00041,rc_pag_history,recovery
dream,gsm8k_test,gsm8k_test-00047,rc_pag_history,recovery
dream,gsm8k_test,gsm8k_test-00052,rc_pag_history,regression
dream,gsm8k_test,gsm8k_test-00053,rc_pag_history,regression
dream,gsm8k_test,gsm8k_test-00055,rc_pag_history,recovery
dream,gsm8k_test,gsm8k_test-00056,rc_pag_history,regression
dream,gsm8k_test,gsm8k_test-00065,rc_pag_history,recovery
dream,gsm8k_test,gsm8k_test-00078,rc_pag_history,regression
dream,gsm8k_test,gsm8k_test-00094,rc_pag_history,recovery
dream,gsm8k_test,gsm8k_test-00104,rc_pag_history,recovery
dream,gsm8k_test,gsm8k_test-00110,rc_pag_history,regression
dream,gsm8k_test,gsm8k_test-00111,rc_pag_history,regression
dream,gsm8k_test,gsm8k_test-00112,rc_pag_history,regression
dream,gsm8k_test,gsm8k_test-00116,rc_pag_history,recovery
dream,gsm8k_test,gsm8k_test-00120,rc_pag_history,regression
dream,gsm8k_test,gsm8k_test-00121,rc_pag_history,regression
dream,gsm8k_test,gsm8k_test-00130,rc_pag_history,regression
dream,gsm8k_test,gsm8k_test-00136,rc_pag_history,recovery
dream,gsm8k_test,gsm8k_test-00141,rc_pag_history,regression
dream,gsm8k_test,gsm8k_test-00158,rc_pag_history,regression
dream,gsm8k_test,gsm8k_test-00164,rc_pag_history,regression
dream,gsm8k_test,gsm8k_test-00180,rc_pag_history,regression
dream,gsm8k_test,gsm8k_test-00182,rc_pag_history,regression
dream,gsm8k_test,gsm8k_test-00188,rc_pag_history,regression
dream,gsm8k_test,gsm8k_test-00191,rc_pag_history,recovery
dream,gsm8k_test,gsm8k_test-00194,rc_pag_history,regression
dream,gsm8k_test,gsm8k_test-00199,rc_pag_history,recovery
dream,gsm8k_test,gsm8k_test-00210,rc_pag_history,regression
dream,gsm8k_test,gsm8k_test-00220,rc_pag_history,regression
dream,gsm8k_test,gsm8k_test-00221,rc_pag_history,regression
dream,gsm8k_test,gsm8k_test-00222,rc_pag_history,recovery
dream,gsm8k_test,gsm8k_test-00224,rc_pag_history,recovery
dream,gsm8k_test,gsm8k_test-00225,rc_pag_history,recovery
dream,gsm8k_test,gsm8k_test-00235,rc_pag_history,regression
dream,gsm8k_test,gsm8k_test-00242,rc_pag_history,regression
dream,gsm8k_test,gsm8k_test-00243,rc_pag_history,regression
dream,gsm8k_test,gsm8k_test-00253,rc_pag_history,regression
dream,gsm8k_test,gsm8k_test-00269,rc_pag_history,regression
dream,gsm8k_test,gsm8k_test-00278,rc_pag_history,recovery
dream,gsm8k_test,gsm8k_test-00299,rc_pag_history,regression
dream,gsm8k_test,gsm8k_test-00303,rc_pag_history,regression
dream,gsm8k_test,gsm8k_test-00304,rc_pag_history,regression
dream,gsm8k_test,gsm8k_test-00308,rc_pag_history,regression
dream,gsm8k_test,gsm8k_test-00314,rc_pag_history,regression
dream,gsm8k_test,gsm8k_test-00329,rc_pag_history,regression
dream,gsm8k_test,gsm8k_test-00331,rc_pag_history,regression
dream,gsm8k_test,gsm8k_test-00332,rc_pag_history,regression
dream,gsm8k_test,gsm8k_test-00334,rc_pag_history,regression
dream,gsm8k_test,gsm8k_test-00338,rc_pag_history,regression
dream,gsm8k_test,gsm8k_test-00343,rc_pag_history,recovery
dream,gsm8k_test,gsm8k_test-00344,rc_pag_history,regression
dream,gsm8k_test,gsm8k_test-00351,rc_pag_history,regression
dream,gsm8k_test,gsm8k_test-00352,rc_pag_history,recovery
dream,gsm8k_test,gsm8k_test-00355,rc_pag_history,regression
dream,gsm8k_test,gsm8k_test-00361,rc_pag_history,regression
dream,gsm8k_test,gsm8k_test-00377,rc_pag_history,regression
dream,gsm8k_test,gsm8k_test-00385,rc_pag_history,recovery
dream,gsm8k_test,gsm8k_test-00399,rc_pag_history,regression
dream,gsm8k_test,gsm8k_test-00400,rc_pag_history,regression
dream,gsm8k_test,gsm8k_test-00418,rc_pag_history,recovery
dream,gsm8k_test,gsm8k_test-00421,rc_pag_history,recovery
dream,gsm8k_test,gsm8k_test-00426,rc_pag_history,recovery
dream,gsm8k_test,gsm8k_test-00431,rc_pag_history,regression
dream,gsm8k_test,gsm8k_test-00432,rc_pag_history,regression
dream,gsm8k_test,gsm8k_test-00451,rc_pag_history,recovery
dream,gsm8k_test,gsm8k_test-00455,rc_pag_history,regression
dream,gsm8k_test,gsm8k_test-00462,rc_pag_history,regression
dream,gsm8k_test,gsm8k_test-00467,rc_pag_history,regression
dream,gsm8k_test,gsm8k_test-00476,rc_pag_history,regression
dream,gsm8k_test,gsm8k_test-00507,rc_pag_history,regression
dream,gsm8k_test,gsm8k_test-00512,rc_pag_history,regression
dream,gsm8k_test,gsm8k_test-00514,rc_pag_history,recovery
dream,gsm8k_test,gsm8k_test-00519,rc_pag_history,regression
dream,gsm8k_test,gsm8k_test-00521,rc_pag_history,recovery
dream,gsm8k_test,gsm8k_test-00523,rc_pag_history,regression
dream,gsm8k_test,gsm8k_test-00549,rc_pag_history,regression
dream,gsm8k_test,gsm8k_test-00560,rc_pag_history,regression
dream,gsm8k_test,gsm8k_test-00561,rc_pag_history,regression
dream,gsm8k_test,gsm8k_test-00572,rc_pag_history,regression
dream,gsm8k_test,gsm8k_test-00573,rc_pag_history,regression
dream,gsm8k_test,gsm8k_test-00588,rc_pag_history,regression
dream,gsm8k_test,gsm8k_test-00591,rc_pag_history,regression
dream,gsm8k_test,gsm8k_test-00594,rc_pag_history,regression
dream,gsm8k_test,gsm8k_test-00610,rc_pag_history,regression
dream,gsm8k_test,gsm8k_test-00620,rc_pag_history,recovery
dream,gsm8k_test,gsm8k_test-00625,rc_pag_history,recovery
dream,gsm8k_test,gsm8k_test-00636,rc_pag_history,recovery
dream,gsm8k_test,gsm8k_test-00641,rc_pag_history,recovery
dream,gsm8k_test,gsm8k_test-00645,rc_pag_history,regression
dream,gsm8k_test,gsm8k_test-00647,rc_pag_history,regression
dream,gsm8k_test,gsm8k_test-00648,rc_pag_history,regression
dream,gsm8k_test,gsm8k_test-00649,rc_pag_history,recovery
dream,gsm8k_test,gsm8k_test-00665,rc_pag_history,recovery
dream,gsm8k_test,gsm8k_test-00669,rc_pag_history,recovery
dream,gsm8k_test,gsm8k_test-00674,rc_pag_history,regression
dream,gsm8k_test,gsm8k_test-00677,rc_pag_history,regression
dream,gsm8k_test,gsm8k_test-00680,rc_pag_history,recovery
dream,gsm8k_test,gsm8k_test-00684,rc_pag_history,regression
dream,gsm8k_test,gsm8k_test-00686,rc_pag_history,regression
dream,gsm8k_test,gsm8k_test-00697,rc_pag_history,regression
dream,gsm8k_test,gsm8k_test-00701,rc_pag_history,regression
dream,gsm8k_test,gsm8k_test-00722,rc_pag_history,regression
dream,gsm8k_test,gsm8k_test-00724,rc_pag_history,regression
dream,gsm8k_test,gsm8k_test-00736,rc_pag_history,recovery
dream,gsm8k_test,gsm8k_test-00745,rc_pag_history,recovery
dream,gsm8k_test,gsm8k_test-00769,rc_pag_history,regression
dream,gsm8k_test,gsm8k_test-00777,rc_pag_history,regression
dream,gsm8k_test,gsm8k_test-00784,rc_pag_history,regression
dream,gsm8k_test,gsm8k_test-00793,rc_pag_history,recovery
dream,gsm8k_test,gsm8k_test-00805,rc_pag_history,regression
dream,gsm8k_test,gsm8k_test-00817,rc_pag_history,regression
dream,gsm8k_test,gsm8k_test-00829,rc_pag_history,recovery
dream,gsm8k_test,gsm8k_test-00838,rc_pag_history,recovery
dream,gsm8k_test,gsm8k_test-00841,rc_pag_history,regression
dream,gsm8k_test,gsm8k_test-00858,rc_pag_history,recovery
dream,gsm8k_test,gsm8k_test-00859,rc_pag_history,recovery
dream,gsm8k_test,gsm8k_test-00865,rc_pag_history,regression
dream,gsm8k_test,gsm8k_test-00874,rc_pag_history,regression
dream,gsm8k_test,gsm8k_test-00875,rc_pag_history,regression
dream,gsm8k_test,gsm8k_test-00887,rc_pag_history,regression
dream,gsm8k_test,gsm8k_test-00905,rc_pag_history,regression
dream,gsm8k_test,gsm8k_test-00909,rc_pag_history,recovery
dream,gsm8k_test,gsm8k_test-00914,rc_pag_history,regression
dream,gsm8k_test,gsm8k_test-00916,rc_pag_history,regression
dream,gsm8k_test,gsm8k_test-00921,rc_pag_history,regression
dream,gsm8k_test,gsm8k_test-00932,rc_pag_history,regression
dream,gsm8k_test,gsm8k_test-00935,rc_pag_history,regression
dream,gsm8k_test,gsm8k_test-00939,rc_pag_history,regression
dream,gsm8k_test,gsm8k_test-00944,rc_pag_history,regression
dream,gsm8k_test,gsm8k_test-00957,rc_pag_history,regression
dream,gsm8k_test,gsm8k_test-00959,rc_pag_history,regression
dream,gsm8k_test,gsm8k_test-00965,rc_pag_history,regression
dream,gsm8k_test,gsm8k_test-00966,rc_pag_history,regression
dream,gsm8k_test,gsm8k_test-00975,rc_pag_history,regression
dream,gsm8k_test,gsm8k_test-00992,rc_pag_history,regression
dream,gsm8k_test,gsm8k_test-00994,rc_pag_history,regression
dream,gsm8k_test,gsm8k_test-00995,rc_pag_history,regression
dream,gsm8k_test,gsm8k_test-00999,rc_pag_history,recovery
dream,gsm8k_test,gsm8k_test-01009,rc_pag_history,recovery
dream,gsm8k_test,gsm8k_test-01010,rc_pag_history,recovery
dream,gsm8k_test,gsm8k_test-01015,rc_pag_history,recovery
dream,gsm8k_test,gsm8k_test-01045,rc_pag_history,recovery
dream,gsm8k_test,gsm8k_test-01053,rc_pag_history,regression
dream,gsm8k_test,gsm8k_test-01054,rc_pag_history,regression
dream,gsm8k_test,gsm8k_test-01058,rc_pag_history,recovery
dream,gsm8k_test,gsm8k_test-01061,rc_pag_history,regression
dream,gsm8k_test,gsm8k_test-01071,rc_pag_history,recovery
dream,gsm8k_test,gsm8k_test-01076,rc_pag_history,regression
dream,gsm8k_test,gsm8k_test-01078,rc_pag_history,regression
dream,gsm8k_test,gsm8k_test-01079,rc_pag_history,recovery
dream,gsm8k_test,gsm8k_test-01081,rc_pag_history,regression
dream,gsm8k_test,gsm8k_test-01090,rc_pag_history,regression
dream,gsm8k_test,gsm8k_test-01095,rc_pag_history,recovery
dream,gsm8k_test,gsm8k_test-01117,rc_pag_history,regression
dream,gsm8k_test,gsm8k_test-01121,rc_pag_history,regression
dream,gsm8k_test,gsm8k_test-01140,rc_pag_history,recovery
dream,gsm8k_test,gsm8k_test-01155,rc_pag_history,regression
dream,gsm8k_test,gsm8k_test-01178,rc_pag_history,regression
dream,gsm8k_test,gsm8k_test-01192,rc_pag_history,regression
dream,gsm8k_test,gsm8k_test-01195,rc_pag_history,regression
dream,gsm8k_test,gsm8k_test-01199,rc_pag_history,regression
dream,gsm8k_test,gsm8k_test-01203,rc_pag_history,recovery
dream,gsm8k_test,gsm8k_test-01211,rc_pag_history,regression
dream,gsm8k_test,gsm8k_test-01222,rc_pag_history,regression
dream,gsm8k_test,gsm8k_test-01223,rc_pag_history,regression
dream,gsm8k_test,gsm8k_test-01227,rc_pag_history,regression
dream,gsm8k_test,gsm8k_test-01229,rc_pag_history,regression
dream,gsm8k_test,gsm8k_test-01232,rc_pag_history,regression
dream,gsm8k_test,gsm8k_test-01241,rc_pag_history,regression
dream,gsm8k_test,gsm8k_test-01243,rc_pag_history,regression
dream,gsm8k_test,gsm8k_test-01248,rc_pag_history,regression
dream,gsm8k_test,gsm8k_test-01249,rc_pag_history,recovery
dream,gsm8k_test,gsm8k_test-01252,rc_pag_history,regression
dream,gsm8k_test,gsm8k_test-01264,rc_pag_history,regression
dream,gsm8k_test,gsm8k_test-01270,rc_pag_history,regression
dream,gsm8k_test,gsm8k_test-01275,rc_pag_history,regression
dream,gsm8k_test,gsm8k_test-01279,rc_pag_history,regression
dream,gsm8k_test,gsm8k_test-01300,rc_pag_history,regression
dream,gsm8k_test,gsm8k_test-01303,rc_pag_history,regression
dream,gsm8k_test,gsm8k_test-01314,rc_pag_history,regression
dream,math500,math500-00008,best_nonlearned,regression
dream,math500,math500-00055,best_nonlearned,recovery
dream,math500,math500-00059,best_nonlearned,recovery
dream,math500,math500-00069,best_nonlearned,regression
dream,math500,math500-00073,best_nonlearned,regression
dream,math500,math500-00074,best_nonlearned,recovery
dream,math500,math500-00088,best_nonlearned,regression
dream,math500,math500-00093,best_nonlearned,regression
dream,math500,math500-00105,best_nonlearned,regression
dream,math500,math500-00106,best_nonlearned,regression
dream,math500,math500-00122,best_nonlearned,recovery
dream,math500,math500-00130,best_nonlearned,recovery
dream,math500,math500-00139,best_nonlearned,regression
dream,math500,math500-00140,best_nonlearned,recovery
dream,math500,math500-00157,best_nonlearned,regression
dream,math500,math500-00158,best_nonlearned,regression
dream,math500,math500-00159,best_nonlearned,regression
dream,math500,math500-00186,best_nonlearned,recovery
dream,math500,math500-00192,best_nonlearned,regression
dream,math500,math500-00193,best_nonlearned,recovery
dream,math500,math500-00197,best_nonlearned,regression
dream,math500,math500-00200,best_nonlearned,regression
dream,math500,math500-00215,best_nonlearned,recovery
dream,math500,math500-00227,best_nonlearned,regression
dream,math500,math500-00233,best_nonlearned,recovery
dream,math500,math500-00246,best_nonlearned,regression
dream,math500,math500-00251,best_nonlearned,recovery
dream,math500,math500-00256,best_nonlearned,recovery
dream,math500,math500-00263,best_nonlearned,recovery
dream,math500,math500-00289,best_nonlearned,regression
dream,math500,math500-00291,best_nonlearned,recovery
dream,math500,math500-00293,best_nonlearned,regression
dream,math500,math500-00302,best_nonlearned,recovery
dream,math500,math500-00310,best_nonlearned,regression
dream,math500,math500-00318,best_nonlearned,recovery
dream,math500,math500-00334,best_nonlearned,regression
dream,math500,math500-00347,best_nonlearned,regression
dream,math500,math500-00348,best_nonlearned,recovery
dream,math500,math500-00350,best_nonlearned,regression
dream,math500,math500-00358,best_nonlearned,regression
dream,math500,math500-00364,best_nonlearned,recovery
dream,math500,math500-00381,best_nonlearned,regression
dream,math500,math500-00399,best_nonlearned,regression
dream,math500,math500-00402,best_nonlearned,regression
dream,math500,math500-00405,best_nonlearned,regression
dream,math500,math500-00429,best_nonlearned,regression
dream,math500,math500-00430,best_nonlearned,regression
dream,math500,math500-00446,best_nonlearned,regression
dream,math500,math500-00465,best_nonlearned,regression
dream,math500,math500-00473,best_nonlearned,regression
dream,math500,math500-00477,best_nonlearned,recovery
dream,math500,math500-00004,rc_pag_history,regression
dream,math500,math500-00018,rc_pag_history,regression
dream,math500,math500-00049,rc_pag_history,regression
dream,math500,math500-00055,rc_pag_history,recovery
dream,math500,math500-00058,rc_pag_history,regression
dream,math500,math500-00059,rc_pag_history,recovery
dream,math500,math500-00075,rc_pag_history,recovery
dream,math500,math500-00088,rc_pag_history,regression
dream,math500,math500-00105,rc_pag_history,regression
dream,math500,math500-00114,rc_pag_history,recovery
dream,math500,math500-00117,rc_pag_history,regression
dream,math500,math500-00122,rc_pag_history,recovery
dream,math500,math500-00131,rc_pag_history,regression
dream,math500,math500-00148,rc_pag_history,regression
dream,math500,math500-00149,rc_pag_history,recovery
dream,math500,math500-00157,rc_pag_history,regression
dream,math500,math500-00158,rc_pag_history,regression
dream,math500,math500-00159,rc_pag_history,regression
dream,math500,math500-00166,rc_pag_history,regression
dream,math500,math500-00172,rc_pag_history,regression
dream,math500,math500-00183,rc_pag_history,regression
dream,math500,math500-00186,rc_pag_history,recovery
dream,math500,math500-00187,rc_pag_history,recovery
dream,math500,math500-00192,rc_pag_history,regression
dream,math500,math500-00193,rc_pag_history,recovery
dream,math500,math500-00195,rc_pag_history,regression
dream,math500,math500-00197,rc_pag_history,regression
dream,math500,math500-00198,rc_pag_history,recovery
dream,math500,math500-00200,rc_pag_history,regression
dream,math500,math500-00215,rc_pag_history,recovery
dream,math500,math500-00219,rc_pag_history,recovery
dream,math500,math500-00246,rc_pag_history,regression
dream,math500,math500-00256,rc_pag_history,recovery
dream,math500,math500-00258,rc_pag_history,recovery
dream,math500,math500-00262,rc_pag_history,regression
dream,math500,math500-00263,rc_pag_history,recovery
dream,math500,math500-00266,rc_pag_history,regression
dream,math500,math500-00267,rc_pag_history,regression
dream,math500,math500-00272,rc_pag_history,regression
dream,math500,math500-00289,rc_pag_history,regression
dream,math500,math500-00290,rc_pag_history,recovery
dream,math500,math500-00293,rc_pag_history,regression
dream,math500,math500-00295,rc_pag_history,recovery
dream,math500,math500-00339,rc_pag_history,regression
dream,math500,math500-00346,rc_pag_history,recovery
dream,math500,math500-00347,rc_pag_history,regression
dream,math500,math500-00351,rc_pag_history,recovery
dream,math500,math500-00378,rc_pag_history,recovery
dream,math500,math500-00381,rc_pag_history,regression
dream,math500,math500-00388,rc_pag_history,regression
dream,math500,math500-00402,rc_pag_history,regression
dream,math500,math500-00429,rc_pag_history,regression
dream,math500,math500-00444,rc_pag_history,recovery
dream,math500,math500-00446,rc_pag_history,regression
dream,math500,math500-00452,rc_pag_history,regression
dream,math500,math500-00455,rc_pag_history,regression
dream,math500,math500-00462,rc_pag_history,regression
dream,math500,math500-00473,rc_pag_history,regression
dream,math500,math500-00489,rc_pag_history,recovery
dream,math500,math500-00491,rc_pag_history,recovery
dream,math500,math500-00499,rc_pag_history,regression
dream,mbpp_sanitized,mbpp_sanitized-00039,best_nonlearned,recovery
dream,mbpp_sanitized,mbpp_sanitized-00040,best_nonlearned,recovery
dream,mbpp_sanitized,mbpp_sanitized-00072,best_nonlearned,regression
dream,mbpp_sanitized,mbpp_sanitized-00072,rc_pag_history,regression
dream,mbpp_sanitized,mbpp_sanitized-00125,rc_pag_history,regression
dream,mbpp_sanitized,mbpp_sanitized-00238,rc_pag_history,regression
dream,humaneval,humaneval-00011,best_nonlearned,regression
dream,humaneval,humaneval-00013,best_nonlearned,regression
dream,humaneval,humaneval-00015,best_nonlearned,regression
dream,humaneval,humaneval-00018,best_nonlearned,regression
dream,humaneval,humaneval-00030,best_nonlearned,regression
dream,humaneval,humaneval-00031,best_nonlearned,regression
dream,humaneval,humaneval-00035,best_nonlearned,regression
dream,humaneval,humaneval-00036,best_nonlearned,regression
dream,humaneval,humaneval-00037,best_nonlearned,regression
dream,humaneval,humaneval-00039,best_nonlearned,recovery
dream,humaneval,humaneval-00042,best_nonlearned,regression
dream,humaneval,humaneval-00048,best_nonlearned,regression
dream,humaneval,humaneval-00049,best_nonlearned,regression
dream,humaneval,humaneval-00051,best_nonlearned,regression
dream,humaneval,humaneval-00055,best_nonlearned,regression
dream,humaneval,humaneval-00057,best_nonlearned,regression
dream,humaneval,humaneval-00068,best_nonlearned,regression
dream,humaneval,humaneval-00073,best_nonlearned,regression
dream,humaneval,humaneval-00074,best_nonlearned,regression
dream,humaneval,humaneval-00082,best_nonlearned,regression
dream,humaneval,humaneval-00087,best_nonlearned,regression
dream,humaneval,humaneval-00094,best_nonlearned,regression
dream,humaneval,humaneval-00098,best_nonlearned,regression
dream,humaneval,humaneval-00100,best_nonlearned,regression
dream,humaneval,humaneval-00107,best_nonlearned,regression
dream,humaneval,humaneval-00114,best_nonlearned,regression
dream,humaneval,humaneval-00115,best_nonlearned,regression
dream,humaneval,humaneval-00136,best_nonlearned,regression
dream,humaneval,humaneval-00138,best_nonlearned,regression
dream,humaneval,humaneval-00142,best_nonlearned,regression
dream,humaneval,humaneval-00147,best_nonlearned,regression
dream,humaneval,humaneval-00150,best_nonlearned,regression
dream,humaneval,humaneval-00152,best_nonlearned,regression
dream,humaneval,humaneval-00157,best_nonlearned,regression
dream,humaneval,humaneval-00011,rc_pag_history,regression
dream,humaneval,humaneval-00013,rc_pag_history,regression
dream,humaneval,humaneval-00015,rc_pag_history,regression
dream,humaneval,humaneval-00018,rc_pag_history,regression
dream,humaneval,humaneval-00030,rc_pag_history,regression
dream,humaneval,humaneval-00031,rc_pag_history,regression
dream,humaneval,humaneval-00035,rc_pag_history,regression
dream,humaneval,humaneval-00036,rc_pag_history,regression
dream,humaneval,humaneval-00041,rc_pag_history,regression
dream,humaneval,humaneval-00042,rc_pag_history,regression
dream,humaneval,humaneval-00048,rc_pag_history,regression
dream,humaneval,humaneval-00049,rc_pag_history,regression
dream,humaneval,humaneval-00051,rc_pag_history,regression
dream,humaneval,humaneval-00055,rc_pag_history,regression
dream,humaneval,humaneval-00057,rc_pag_history,regression
dream,humaneval,humaneval-00063,rc_pag_history,recovery
dream,humaneval,humaneval-00068,rc_pag_history,regression
dream,humaneval,humaneval-00071,rc_pag_history,regression
dream,humaneval,humaneval-00073,rc_pag_history,regression
dream,humaneval,humaneval-00074,rc_pag_history,regression
dream,humaneval,humaneval-00076,rc_pag_history,regression
dream,humaneval,humaneval-00082,rc_pag_history,regression
dream,humaneval,humaneval-00087,rc_pag_history,regression
dream,humaneval,humaneval-00094,rc_pag_history,regression
dream,humaneval,humaneval-00097,rc_pag_history,recovery
dream,humaneval,humaneval-00098,rc_pag_history,regression
dream,humaneval,humaneval-00100,rc_pag_history,regression
dream,humaneval,humaneval-00114,rc_pag_history,regression
dream,humaneval,humaneval-00115,rc_pag_history,regression
dream,humaneval,humaneval-00136,rc_pag_history,regression
dream,humaneval,humaneval-00138,rc_pag_history,regression
dream,humaneval,humaneval-00142,rc_pag_history,regression
dream,humaneval,humaneval-00146,rc_pag_history,regression
dream,humaneval,humaneval-00147,rc_pag_history,regression
dream,humaneval,humaneval-00150,rc_pag_history,regression
dream,humaneval,humaneval-00152,rc_pag_history,regression
dream,humaneval,humaneval-00157,rc_pag_history,regression
dream,humaneval,humaneval-00161,rc_pag_history,recovery
